Text,Predicted Scam Type,Confidence Score (ML Model),Confidence Level (ML Model Certainty),Confidence Gap (Top 1 vs Top 2 Model Prediction Score Difference),Risk Level (Final ScamSense Assessment),Cross-Verification (Model Agreement),AI Summary,Why Suspicious / Legitimate Explanation,Scam Indicators,Safety Advice,Recommended Actions,Prevention Tips
"Dear Customer, your DBS bank account has been temporarily suspended due to unusual activity. Verify your account immediately at https://secure-dbs-verify-login.com to avoid permanent suspension.",Banking Scam,99.88%,High,99.84%,High,No - Not required,"Based on our analysis, this message appears likely to be a Banking Scam with a high risk and high confidence level. Scammers commonly impersonate banks to create a false sense of urgency and trick individuals into revealing sensitive financial information or authorising fraudulent transactions.","The message exhibits several key warning signs associated with banking scams. It creates a strong sense of urgency by claiming your 'DBS bank account has been temporarily suspended due to unusual activity' and warns of 'permanent suspension' if you don't act 'immediately'. The most critical indicator is the embedded link, 'https://secure-dbs-verify-login.com', which is a fake domain designed to mimic a legitimate banking login page. The original machine learning model identified keywords such as 'account', 'bank', 'unusual', and 'immediately', strongly indicating a banking scam attempting to induce panic and collect credentials.","1. An unexpected and urgent claim that your 'DBS bank account has been temporarily suspended due to unusual activity', a common tactic to create fear and prompt immediate action.
2. The use of high-pressure language ('immediately', 'avoid permanent suspension') designed to discourage careful verification and push you to click a link without thinking.
3. A suspicious and unofficial-looking URL ('https://secure-dbs-verify-login.com') that is intended to impersonate DBS's legitimate website, aiming to trick you into entering your login credentials on a fake page.
4. An unsolicited request to 'verify your account' via an external link, which is a typical method used by scammers to steal online banking usernames, passwords, and other confidential information.","1. Always be suspicious of unexpected messages claiming your bank account is suspended or compromised and demanding immediate action.
2. Never click on links in unsolicited SMS messages or emails, especially those purporting to be from your bank.
3. Banks will never ask you to verify your account or provide sensitive information like passwords or OTPs through unverified links or unofficial channels.
4. If you are concerned about your bank account, always contact your bank directly using their official customer service hotline or through their official mobile banking application.","1. Stop communicating with the sender of this message immediately and do not reply.
2. Do not click on the provided link, and under no circumstances should you enter any personal or banking information on that or any similar suspicious website.
3. Contact DBS Bank directly using their official customer service number (found on their official website or bank card) to inquire about your account status, if you have any genuine concerns.
4. Consider reporting this suspicious message to local authorities or through platforms like ScamShield, if available in your region, to help prevent others from falling victim.","1. Access your online banking services only by typing the bank's legitimate website address directly into your browser or using their official mobile banking application.
2. Never share your online banking passwords, PINs, or One-Time Passwords (OTPs) with anyone, even if they claim to be from your bank or a trusted authority.
3. Carefully inspect website addresses before entering any login credentials; scammers often use domain names that differ slightly from official bank websites.
4. Enable multi-factor authentication and banking transaction notifications for your accounts to add an extra layer of security and be alerted to any unusual activity.
5. Be cautious of any communication that creates extreme urgency, demands immediate action, or asks you to bypass normal security procedures."
