Text,Predicted Scam Type,Confidence Score (ML Model),Confidence Level (ML Model Certainty),Confidence Gap (Top 1 vs Top 2 Model Prediction Score Difference),Risk Level (Final ScamSense Assessment),Cross-Verification (Model Agreement),Summary,Why Suspicious,Scam Indicators,Safety Advice,Recommended Actions,Prevention Tips
"Dear Customer, your DBS bank account has been temporarily suspended due to unusual activity. Verify your account immediately at https://secure-dbs-verify-login.com to avoid permanent suspension.",Banking Scam,99.88%,High,99.84%,High,No - Not required,"The message you received, claiming your DBS bank account has been suspended due to unusual activity and asking you to verify it immediately via a link, appears likely to be a Banking Scam. This assessment is made with high confidence due to several common scam tactics present in the message. Scammers frequently impersonate banks to create a false sense of urgency, pressuring you to click on malicious links that lead to fake websites designed to steal your sensitive banking credentials.","The message employs urgent language like 'temporarily suspended,' 'unusual activity,' and 'immediately' to create panic and prompt a quick response. It directs you to a suspicious website, 'secure-dbs-verify-login.com,' which is not an official DBS Bank domain, despite attempting to look legitimate. The request to 'verify your account' through an unverified link is a classic method used by scammers to trick you into revealing login details. Keywords such as 'account,' 'bank,' 'unusual,' and 'immediately' were significant factors in the original machine learning model's prediction.","1. The message creates a false sense of urgency by claiming your DBS bank account is 'temporarily suspended due to unusual activity' and warns of 'permanent suspension,' pressuring you to act without thinking (consistent with 'Unexpected messages claiming that a bank account has been suspended or compromised' and 'Urgent deadlines that discourage careful verification' from retrieved knowledge).
2. It provides a suspicious link, 'https://secure-dbs-verify-login.com,' which is not an official DBS Bank website, indicating a phishing attempt designed to capture your login credentials (consistent with 'Messages containing shortened or unfamiliar website links' and 'Emails or websites with domain names that differ slightly from official bank websites' from retrieved knowledge).
3. The request to 'verify your account immediately' via a link is a common tactic to trick you into entering your online banking username and password on a fake site (consistent with 'Requests for confidential banking information through SMS, email or phone calls' and 'Log in to a banking account using a provided link' from retrieved knowledge).","1. Never click on links in unexpected messages, especially those claiming your bank account is suspended or compromised.
2. Always verify any suspicious messages or calls by contacting your bank directly using official contact methods, such as the number on their official website or the back of your bank card.
3. Be highly cautious of any communication that demands immediate action or attempts to create panic regarding your financial accounts.","1. Stop all communication with the sender immediately and under no circumstances click on the link provided in the message.
2. Contact your bank directly through its official customer service channels to confirm if there are any genuine issues with your account. Do not use any contact information provided in the suspicious message.
3. Monitor your bank accounts closely for any unauthorized transactions. If you suspect your login credentials may have been compromised through similar attempts, change your online banking passwords immediately.","1. Access your online banking services only through official banking applications or by typing your bank's official website address directly into your browser's address bar.
2. Never share your passwords, PINs, One-Time Passwords (OTPs), or any other confidential banking information with anyone, regardless of who they claim to be. Your bank will never ask for these via unsolicited messages or calls.
3. Enable multi-factor authentication and banking transaction notifications for all your accounts whenever available to add an extra layer of security and stay informed of your account activity."
"Congratulations! You have been selected for a remote data entry position earning SGD 5,000 per month. No experience is required. Register now at https://easy-work-from-home-jobs.net to secure your position.",Job Scam,91.14%,High,87.64%,High,No - Not required,"The message you received appears likely to be a Job Scam with a high risk level. It uses common tactics associated with fraudulent recruitment, such as an unsolicited 'Congratulations!' for a job, an offer of a high salary (SGD 5,000 per month) for a remote data entry position requiring no experience, and a prompt to register on an unfamiliar website. These characteristics are consistent with known job scam patterns, where scammers often promise unrealistic incomes and immediate selection to lure victims.","The message is highly suspicious because it presents an unsolicited job offer with an unusually high salary for a data entry role that requires no experience, which is a common red flag in job scams. The immediate 'Congratulations!' and selection without any formal application or interview process, coupled with the directive to register on an unofficial-looking website (easy-work-from-home-jobs.net), strongly indicate fraudulent intent. This aligns with scam tactics where fake job vacancies advertise generous benefits and contact individuals without a formal application process.","1. Unsolicited job offer starting with 'Congratulations!' indicating immediate selection.
2. Promise of high income (SGD 5,000 per month) for a remote data entry role with no experience required.
3. Request to 'Register now' at an unfamiliar and generic-sounding website (https://easy-work-from-home-jobs.net) to 'secure your position'.
4. Offer of employment without any formal interview or assessment process.","1. Do not click on any links in unexpected job offers.
2. Never provide personal or financial information to unverified recruiters or websites.
3. Be highly suspicious of job offers that promise high income for minimal work or experience.","1. Do not engage with the sender or attempt to register on the provided website.
2. Block the sender's number or email address to prevent further unsolicited messages.
3. Report the message to the relevant authorities, such as the Singapore Police Force (SPF) or ScamShield.","1. Always verify job advertisements through the company's official website or recognised recruitment platforms.
2. Research the employer thoroughly before accepting any job offer or sharing personal details.
3. Be cautious of employers who avoid formal interviews or request upfront payments for training, administrative fees, or equipment."
Your parcel delivery was unsuccessful because the shipping address is incomplete. Please pay a redelivery fee of SGD 2.99 at https://sgparcel-redelivery.com within 24 hours to receive your package.,Parcel Scam,100.00%,High,100.00%,High,No - Not required,"This message appears likely to be a Parcel Scam. It claims your parcel delivery was unsuccessful due to an incomplete address and demands a small 'redelivery fee' of SGD 2.99 via a suspicious link within 24 hours. These tactics, including fake delivery notifications, requests for fees, and creating urgency, are common characteristics of parcel scams, as highlighted by our scam knowledge base. The mention of 'delivery,' 'package,' 'parcel,' 'shipping,' and 'hours' in the Explainable AI evidence also strongly aligns with this assessment, indicating the message's focus on these scam-related elements.","The request to pay a 'redelivery fee' via an unfamiliar website, `https://sgparcel-redelivery.com`, is a significant warning sign. Legitimate courier companies typically use official channels for such communications and payments. The imposed urgency ('within 24 hours') is another common scam tactic to pressure individuals into acting without verifying. An unsolicited message about an 'unsuccessful delivery' should always be treated with caution.","1. Your parcel delivery was unsuccessful because the shipping address is incomplete.
2. Please pay a redelivery fee of SGD 2.99 at https://sgparcel-redelivery.com
3. within 24 hours to receive your package.","1. Always verify the status of any expected parcel directly through the official website or mobile application of the courier company or the retailer you purchased from, using contact information you find independently.
2. Do not click on links in unexpected delivery notifications, especially if they ask for payment or personal information.
3. Be highly suspicious of messages that create a sense of urgency or threaten non-delivery if a payment is not made quickly.","1. Ignore and delete this suspicious message to prevent accidental clicks or interaction.
2. If you are concerned about a real delivery, contact the courier service directly through their official channels, not using any contact information or links from the suspicious message.
3. Preserve SMS messages, emails, and screenshots as evidence if you wish to report it to authorities like ScamShield.","1. Keep track of your online purchases and expected deliveries so you can identify genuine notifications from fake ones.
2. Ensure your devices and web browsers are updated with the latest security patches to protect against malicious websites.
3. Educate yourself and your family members about the common tactics used in parcel scams to stay vigilant."
"SingPost is delivering your parcel CNSGS005229637 by today. Please ensure someone is available to receive it. If you are not at home, it will be delivered to a safe place near your doorstep.",Legitimate,48.88%,Low,25.48%,Low,Yes - 3/4 models agreed (75.00%),"The message appears to be a legitimate delivery notification from SingPost regarding your parcel. It includes a specific parcel tracking number, CNSGS005229637, and provides standard delivery instructions such as ensuring someone is available or mentioning delivery to a safe place near your doorstep. This format is highly consistent with typical communications from official courier services. Internal verification found that 3 out of 4 models supported this classification, providing additional support for this assessment.",,No scam indicators were identified because this message appears likely to be legitimate.,"1. Always verify delivery notifications, especially if you did not recently order a parcel or are unfamiliar with the tracking number. Check directly with SingPost using their official website or app.
2. Avoid clicking on links within unexpected delivery messages. Instead, manually type the official website address of SingPost into your browser to track your parcel.
3. Be cautious if the message seems out of place or if you did not initiate an expected delivery, even if it looks legitimate.",,
